Date Run,Status,Time,# of Errors,# of Warnings,# of Exceptions,Log File,Return Value,Error Message,# of Successes
2024-06-25 14:00:24.722 +0530,"Success",0:00:00,0,0,0,"20240625_140024.722/LogFile.txt","","",1
2024-06-25 14:00:44.065 +0530,"Success",0:00:00,0,0,0,"20240625_140044.065/LogFile.txt","","",1
2024-06-25 14:02:59.185 +0530,"Success",0:00:00,0,0,0,"20240625_140259.185/LogFile.txt","","",1
2024-06-25 14:05:32.098 +0530,"Success",0:00:00,0,0,0,"20240625_140532.098/LogFile.txt","","",1
2024-06-25 14:08:10.226 +0530,"Success",0:00:00,0,0,0,"20240625_140810.226/LogFile.txt","","",1
2024-06-25 14:08:59.880 +0530,"Success",0:00:00,0,0,0,"20240625_140859.880/LogFile.txt","","",1
2024-06-25 14:09:20.010 +0530,"Success",0:00:00,0,0,0,"20240625_140920.010/LogFile.txt","","",1
2024-06-25 14:09:24.940 +0530,"Success",0:00:00,0,0,0,"20240625_140924.940/LogFile.txt","","",1
2024-06-25 14:10:02.919 +0530,"Success",0:00:00,0,0,0,"20240625_141002.919/LogFile.txt","","",1
2024-06-25 14:10:43.072 +0530,"Success",0:00:00,0,0,0,"20240625_141043.072/LogFile.txt","","",1
2024-06-25 14:14:49.416 +0530,"Failure",0:00:00,1,0,0,"20240625_141449.416/LogFile.txt","","SenseTalk Runtime Exception -- Invalid operands for addition: expected numbers, dates and/or lists; got 'SURATH' and 'ross44'",0
2024-06-25 14:15:06.469 +0530,"Failure",0:00:00,1,0,0,"20240625_141506.469/LogFile.txt","","InvalidCommandOrRange -- Not a valid command, or else incorrect types given for a range (must be numbers, date/times, or single characters -- got ""SURATH"" TO ""ross44"")",0
2024-06-25 14:24:58.458 +0530,"Success",0:00:00,0,0,0,"20240625_142458.458/LogFile.txt","","",1
2024-06-25 14:25:02.129 +0530,"Success",0:00:00,0,0,0,"20240625_142502.129/LogFile.txt","","",1
2024-06-25 14:25:33.670 +0530,"Success",0:00:00,0,0,0,"20240625_142533.670/LogFile.txt","","",1
2024-06-25 14:26:05.694 +0530,"Success",0:00:00,0,0,0,"20240625_142605.694/LogFile.txt","","",1
2024-06-25 14:31:42.634 +0530,"Failure",0:00:00,1,0,0,"20240625_143142.634/LogFile.txt","","STDatabaseConnectionError -- Failed to connect to ODBC database odbc:27 Reason: [MySQL][ODBC 8.4(a) Driver]Access denied for user 'root'@'localhost' (using password: NO), SQLSTATE=HY000",0
2024-06-25 14:32:57.901 +0530,"Failure",0:00:00,1,0,0,"20240625_143257.901/LogFile.txt","","STDatabaseConnectionError -- Failed to connect to ODBC database odbc:28 Reason: [MySQL][ODBC 8.4(a) Driver]Access denied for user 'root'@'localhost' (using password: YES), SQLSTATE=HY000",0
2024-06-25 14:49:01.844 +0530,"Failure",0:00:00,1,0,0,"20240625_144901.844/LogFile.txt","","STDatabaseConnectionError -- Failed to connect to ODBC database odbc:29 Reason: [MySQL][ODBC 8.4(a) Driver]Access denied for user 'root'@'localhost' (using password: YES), SQLSTATE=HY000",0
2024-06-25 14:53:16.690 +0530,"Failure",0:00:00,1,0,0,"20240625_145316.690/LogFile.txt","","STDatabaseConnectionError -- Failed to connect to ODBC database odbc:30 Reason: [Microsoft][ODBC Driver Manager] Data source name not found and no default driver specified, SQLSTATE=IM002",0
2024-06-25 14:54:31.719 +0530,"Failure",0:00:00,1,0,0,"20240625_145431.719/LogFile.txt","","STDatabaseConnectionError -- Failed to connect to ODBC database odbc:31 Reason: [MySQL][ODBC 8.4(a) Driver]Access denied for user 'ro0ot'@'localhost' (using password: YES), SQLSTATE=HY000",0
2024-06-25 14:55:22.404 +0530,"Success",0:00:00,0,0,0,"20240625_145522.404/LogFile.txt","","",1
2024-06-25 14:56:13.030 +0530,"Success",0:00:00,0,0,0,"20240625_145613.030/LogFile.txt","","",1
2024-06-26 09:44:52.282 +0530,"Success",0:00:00,0,0,0,"20240626_094452.282/LogFile.txt","","",1
